{"cameraMode":{"drawMode":0,"name":"Shaded","section":"Shading Mode"},"sceneLighting":true,"audioPlay":false,"sceneViewState":{"showFog":true,"showMaterialUpdate":false,"showSkybox":true,"showFlares":true,"showImageEffects":true,"showParticleSystems":true,"showVisualEffectGraphs":true,"m_FxEnabled":true},"in2DMode":false,"pivot":{"x":36.28542709350586,"y":-1.6536784172058106,"z":29.788272857666017},"rotation":{"x":-0.05310783535242081,"y":-0.6403098106384277,"z":0.044450052082538608,"w":-0.7649981379508972},"size":23.200899124145509,"orthographic":false}